feature,coefficient,absolute_importance
competition_level_High,-19.76411262609618,19.76411262609618
competition_level_Low,17.091465737313758,17.091465737313758
market_attractiveness_score,4.681421563568217,4.681421563568217
financial_strength_score,4.18690502144306,4.18690502144306
expected_roi_percent,3.8626498322407348,3.8626498322407348
payback_period_years,-3.4550742212833465,3.4550742212833465
strategic_impact_score,3.199893247141247,3.199893247141247
irr_percent,3.159526758059686,3.159526758059686
profit_margin_percent,3.12019079607108,3.12019079607108
overall_risk_score,-2.6781124725568883,2.6781124725568883
competition_level_Medium,2.672646888769743,2.672646888769743
sustainability_score,2.011534526653478,2.011534526653478
job_creation_score,1.6039160844004594,1.6039160844004594
quality_of_life_score,1.5809643372544695,1.5809643372544695
localization_score,1.5411721843254453,1.5411721843254453
environmental_impact_score,1.428282208349083,1.428282208349083
governance_score,1.3101373976397483,1.3101373976397483
market_growth_percent,1.2995869293965014,1.2995869293965014
region_Riyadh,1.1477910819155668,1.1477910819155668
economic_diversification_score,1.1135022116519406,1.1135022116519406
regulatory_risk_score,-1.0845948143931983,1.0845948143931983
dependency_risk_score,-1.071228613027496,1.071228613027496
sector_Logistics,1.0425068218526632,1.0425068218526632
market_risk_score,-1.0349798290674737,1.0349798290674737
customer_adoption_score,1.0310264584377984,1.0310264584377984
financial_risk_score,-1.0138491781969976,1.0138491781969976
vision_2030_alignment_score,0.9743089846781319,0.9743089846781319
execution_risk_score,-0.9548766806774934,0.9548766806774934
scalability_score,0.8561889110881765,0.8561889110881765
sector_Infrastructure,-0.8466792477545061,0.8466792477545061
capex_million,0.8364816081527893,0.8364816081527893
sector_Entertainment,-0.8141798589332865,0.8141798589332865
demand_score,0.7666524662791567,0.7666524662791567
social_impact_score,0.7271144450323941,0.7271144450323941
npv_million,0.5886276660346729,0.5886276660346729
investment_size_million,-0.5680837687746595,0.5680837687746595
opex_million,-0.543021156230738,0.543021156230738
region_Tabuk,-0.5306129750476996,0.5306129750476996
sector_Healthcare,-0.5196869228198734,0.5196869228198734
region_Asir,-0.5048105344947772,0.5048105344947772
region_Qassim,-0.4762608727976289,0.4762608727976289
region_Makkah,0.45575158753148587,0.45575158753148587
region_Jazan,-0.4304119666487645,0.4304119666487645
sector_Education,0.4175677033341541,0.4175677033341541
sector_Retail,0.3699159490464001,0.3699159490464001
sector_Renewable Energy,0.35519332628179817,0.35519332628179817
profitability_index,0.24913485365552837,0.24913485365552837
sector_Real Estate,-0.2161893621536293,0.2161893621536293
region_Eastern Province,0.19463053725809207,0.19463053725809207
revenue_growth_percent,0.15059684620528332,0.15059684620528332
sector_Technology,0.145068803444786,0.145068803444786
region_Madinah,0.1439231422783763,0.1439231422783763
payback_efficiency,-0.13978943636353114,0.13978943636353114
risk_adjusted_roi,-0.06787856668533307,0.06787856668533307
sector_Tourism,0.06648278770893015,0.06648278770893015
market_size_billion,0.03487898617665434,0.03487898617665434
