feature,value,coefficient,contribution,absolute_contribution
overall_risk_score,1.153762817994657,-2.6781124725568883,-3.089906593243874,3.089906593243874
payback_period_years,-0.8386288433364965,-3.4550742212833465,2.897524897836599,2.897524897836599
competition_level_Medium,1.0,2.672646888769743,2.672646888769743,2.672646888769743
capex_million,2.8675760201848672,0.8364816081527893,2.398674600864613,2.398674600864613
expected_roi_percent,-0.4793667869018925,3.8626498322407348,-1.8516260390083752,1.8516260390083752
sustainability_score,-0.8446926429451176,2.011534526653478,-1.6991284156942823,1.6991284156942823
job_creation_score,-1.015677386387554,1.6039160844004594,-1.6290612965888178,1.6290612965888178
irr_percent,-0.5133565704499107,3.159526758059686,-1.621963820762245,1.621963820762245
market_attractiveness_score,-0.3369062229393639,4.681421563568217,-1.5772000569686593,1.5772000569686593
opex_million,2.828049055945585,-0.543021156230738,-1.5356904682368187,1.5356904682368187
