feature,correlation_with_investment_score
investment_score,1.0
financial_strength_score,0.3995060012928558
risk_adjusted_roi,0.37738860339801794
expected_roi_percent,0.3402144570276768
irr_percent,0.3349266683507594
payback_efficiency,0.30361378979284076
profitability_index,0.291635782532742
strategic_impact_score,0.2257547643501985
market_attractiveness_score,0.22141680218642673
profit_margin_percent,0.18494350694768652
npv_million,0.18410642002104186
sustainability_score,0.1384831337101198
market_growth_percent,0.12424908625816994
customer_adoption_score,0.11990272426372318
scalability_score,0.1121563145338608
demand_score,0.07752046218133345
payback_period_years,-0.11967779451770404
overall_risk_score,-0.2001763439729055
